trans_date_trans_time,merchant,category,amt,gender,city,state,city_pop,job,is_fraud,hour,dayofweek,is_weekend,is_night,delta_time_sec,txn_count_1h,txn_count_24h,amt_log,amt_zscore_7d,distance_km
2020-11-10 05:05:21,193,11,38.73,1,443,23,519,460,0,5,1,0,1,28378.0,1,2,3.6821065698265074,-0.14227313,103.5599243486106
2020-07-04 22:35:47,256,11,874.99,1,304,19,3766,336,1,22,5,1,1,75891.0,1,6,6.77535467534612,2.4941888,37.29233141300692
2020-12-10 13:41:24,179,12,1.13,0,566,30,2456,406,0,13,3,0,0,42212.0,1,5,0.7561219797213337,-1.0299532,87.30377391872238
2020-09-15 10:35:29,588,3,107.89,1,530,47,5196,76,0,10,1,0,0,40571.0,1,5,4.69033819835797,0.3543958,57.05928111581841
2020-07-01 04:40:57,622,2,73.86,0,198,11,222785,476,0,4,2,0,1,7312.0,1,6,4.315619702476283,0.07863005,131.42958872592104
2020-10-23 00:07:58,365,2,69.17,1,150,37,632,113,0,0,4,0,1,177234.0,1,1,4.250920869264197,-0.3863505,73.08853080469125
2020-07-20 06:27:17,522,2,67.65,1,498,24,2870,66,0,6,0,0,1,23323.0,1,8,4.229021132213981,-0.032191664,118.34790006952107
2020-09-18 17:02:20,651,7,4.1,1,754,46,895,86,0,17,4,0,0,132.0,2,4,1.62924053973028,-1.1643325,39.22111405766924
2020-09-01 22:59:13,209,11,1077.25,1,65,1,71463,372,1,22,1,0,1,78534.0,1,4,6.983094635527952,3.8407364,101.55463329647523
2020-08-04 16:13:24,6,11,4.52,0,749,28,1789,236,0,16,1,0,0,214.0,2,12,1.7083778602890038,-1.0325165,87.98143037622252
2020-11-09 00:05:51,55,2,19.83,0,617,33,207,112,1,0,0,0,1,7214.0,1,2,3.0363942552728806,-0.27272746,111.75402656814832
2020-11-26 22:01:28,26,7,46.37,0,262,1,67082,60,0,22,3,0,1,16247.0,1,4,3.85798911693566,-0.031850964,78.00945839786762
2020-12-13 19:30:38,547,0,33.22,0,83,34,338,369,0,19,6,1,0,3578.0,2,8,3.5328102684640474,-0.28499308,71.20041122213271
2020-06-21 22:38:55,238,11,1077.69,1,197,17,71335,214,1,22,6,1,1,999999.0,1,1,6.983502620920317,0.0,103.08902674432916
2020-12-28 17:38:16,683,7,85.61,1,719,24,1196,258,0,17,0,0,0,4716.0,1,11,4.461415282342953,-0.0017826614,75.28561531537763
2020-12-10 00:53:26,475,8,5.15,1,133,37,348,269,0,0,3,0,1,15.0,3,4,1.8164520818184267,-0.634654,110.97585652716126
2020-11-09 13:47:19,197,7,32.85,0,455,42,498,257,0,13,0,0,0,47047.0,1,3,3.521938999358284,-0.34034854,10.496843337750889
2020-07-03 00:41:07,428,4,278.04,1,304,19,3766,336,1,0,4,0,1,11817.0,1,4,5.631355140720615,3.875525,60.331466506933666
2020-12-22 21:46:18,161,10,70.7,1,415,37,1140,8,0,21,1,0,0,7276.0,1,4,4.272490747605575,-0.5955837,35.59575892907616
2020-07-27 15:42:31,526,5,155.63,0,465,16,14228,10,0,15,0,0,0,11619.0,1,3,5.053886336090571,0.831332,45.8868483899804
2020-12-18 13:16:01,171,5,15.2,0,664,48,4575,420,0,13,4,0,0,21565.0,1,9,2.785011242238338,-0.82354116,83.71502935759155
2020-10-08 19:42:29,179,12,9.4,0,573,11,53,417,0,19,3,0,0,130530.0,1,1,2.341805806147327,-1.1461631,92.04053967553746
2020-10-21 04:17:43,24,2,65.8,1,360,9,1841,186,0,4,2,0,1,20455.0,1,7,4.2017030805426,-0.44977874,86.98606792859601
2020-12-09 18:42:43,364,6,28.51,1,157,39,333497,275,0,18,2,0,0,14851.0,1,6,3.3847291889548483,-0.3772221,95.15580766406805
2020-08-27 23:28:41,443,11,1060.3,0,802,47,15426,153,1,23,3,0,1,875.0,2,5,6.967249850767777,2.1847095,83.5119655465087
2020-07-11 12:24:48,106,0,85.5,1,35,36,1302,113,0,12,5,1,0,52487.0,1,4,4.460144413937834,-0.047914773,45.5012362608981
2020-10-09 08:46:31,133,0,49.81,1,596,2,6434,344,0,8,4,0,0,62954.0,1,2,3.9280931856056407,0.0469747,110.59441570678355
2020-11-10 22:08:01,148,6,50.72,1,450,28,206,225,0,22,1,0,1,74187.0,1,2,3.945844553903657,0.06921127,82.05349849027446
2020-06-25 08:58:25,127,12,1.63,0,31,2,2856,228,0,8,3,0,0,11254.0,1,6,0.9669838461896731,-0.7178447,54.89110863130758
2020-08-04 18:40:01,1,10,45.32,0,166,33,1166,87,0,18,1,0,0,35475.0,1,9,3.83557383326474,0.014500894,73.51729911930795
2020-11-30 16:20:17,374,0,15.81,1,838,48,5512,180,0,16,0,0,0,21828.0,1,10,2.8219739474205245,-0.5254038,68.73936633584606
2020-09-03 21:39:43,167,0,104.86,0,48,21,3104,221,0,21,3,0,0,9519.0,1,6,4.662117466429842,0.42436296,78.83372276987461
2020-08-26 14:10:11,185,5,25.28,0,202,34,2644,149,0,14,2,0,0,9221.0,1,5,3.26880819361641,-0.5448584,83.93421570235259
2020-11-13 19:42:33,277,12,2.71,1,282,1,5901,108,0,19,4,0,0,27307.0,1,5,1.3110318766193438,-0.6823293,81.8321291886923
2020-12-16 22:30:51,238,11,899.98,1,415,37,1140,8,1,22,2,0,1,83751.0,1,2,6.8034830598037,4.5359225,44.64715904372223
2020-10-15 23:55:14,665,10,12.91,0,79,8,51427,81,0,23,3,0,1,186612.0,1,1,2.6326080059353516,-0.69250417,87.66238137649418
2020-11-20 14:10:47,317,0,66.08,0,144,42,34153,51,0,14,4,0,0,59083.0,1,3,4.205885936955008,0.05742499,100.98359261854095
2020-09-27 23:25:35,391,7,22.4,0,41,4,59705,79,1,23,6,1,1,396.0,3,8,3.152736022363656,-0.8969446,113.70827915970048
2020-08-09 21:32:43,348,1,7.32,1,520,13,1512,89,0,21,6,1,0,2033.0,3,12,2.1186622548331173,-0.21141079,109.82868675533986
2020-08-02 00:54:51,224,12,920.68,0,646,27,733,469,1,0,6,1,1,1118.0,4,6,6.826198091729798,1.2793847,106.84693513126835
2020-09-05 17:08:20,33,12,9.2,1,685,4,1241364,97,0,17,5,1,0,218311.0,1,1,2.322387720290225,-0.90871364,79.25773024739914
2020-08-08 22:25:43,442,4,290.4,0,198,11,222785,476,1,22,5,1,1,516.0,5,6,5.674696893761104,0.4813225,46.01810238191074
2020-10-18 13:53:15,457,6,50.13,0,549,28,509,299,0,13,6,1,0,11979.0,1,6,3.934371409091908,0.10478074,74.97830078393399
2020-12-24 03:10:51,594,11,24.58,0,481,37,1909,286,0,3,3,0,1,4316.0,1,5,3.2418107961506966,-0.31306043,120.73727180900028
2020-10-05 00:45:05,674,9,8.71,0,130,33,4015,225,1,0,0,0,1,4117.0,1,6,2.2731562823032334,-0.6944632,57.053616601741254
2020-08-21 07:19:42,443,11,832.92,0,611,6,2376,216,1,7,4,0,0,23240.0,1,9,6.726137474496426,2.641477,63.73438923018361
2020-08-02 02:54:42,73,4,348.61,0,646,27,733,469,1,2,6,1,1,73.0,3,9,5.856818247491284,0.018388955,41.96707893030133
2020-12-10 02:12:44,229,2,10.97,0,404,4,11256,332,1,2,3,0,1,18824.0,1,4,2.482403519569882,-0.77836853,82.47448091418549
2020-06-27 03:39:00,691,2,66.53,1,358,34,21635,203,0,3,5,1,1,22858.0,1,3,4.212571943586751,0.7844437,69.53158891509864
2020-07-22 23:26:45,16,1,132.1,0,572,14,1228,107,1,23,2,0,1,13231.0,1,8,4.891100725401066,-0.21812427,76.14658134647256
2020-08-09 23:23:54,630,11,897.98,0,198,11,222785,476,1,23,6,1,1,73467.0,1,3,6.801260787283108,1.9613768,52.51242262054642
2020-11-18 23:00:51,616,11,4.87,1,24,41,3730,304,0,23,2,0,1,111163.0,1,1,1.7698546338400052,-0.6638543,68.85965818420868
2020-07-22 04:53:59,327,8,2.45,0,370,13,128354,438,0,4,2,0,1,10158.0,1,10,1.2383742310432684,-0.8173475,53.42276291744248
2020-10-16 11:58:45,417,9,47.14,0,357,14,910148,190,0,11,4,0,0,16416.0,1,7,3.874113432354926,-0.3641241,66.66299937040552
2020-07-28 07:52:30,349,12,6.35,1,796,7,601723,310,0,7,1,0,0,19417.0,1,6,1.9947003132247452,-0.6618655,95.20840205307654
2020-09-16 22:02:11,121,8,732.99,1,584,4,171170,67,1,22,2,0,1,3845.0,1,6,6.598495404543507,1.0696492,68.89656609831458
2020-12-01 11:24:43,666,0,20.59,1,442,42,254282,127,0,11,1,0,0,4711.0,1,9,3.072230244526716,-0.4031838,24.031228240429915
2020-07-04 01:30:56,36,8,685.26,1,304,19,3766,336,1,1,5,1,1,248.0,2,8,6.531256564666569,2.2099125,67.72241471159393
2020-10-06 11:58:06,613,3,92.86,0,681,22,753116,191,0,11,1,0,0,17359.0,1,6,4.541804310366271,0.65248686,34.42368992818136
2020-10-26 00:50:17,472,4,287.37,0,364,29,5457,424,1,0,0,0,1,9791.0,1,4,5.66424437780871,2.0628898,117.39056891729491
2020-11-21 06:59:56,103,2,80.49,1,310,14,76,410,0,6,5,1,1,47861.0,1,4,4.400480313332128,0.80420125,80.63450372264613
2020-12-20 21:21:04,552,6,8.3,0,529,14,205,162,0,21,6,1,0,139471.0,1,1,2.2300144001592104,-0.7429152,36.59327597020482
2020-12-01 13:35:21,398,7,144.63,1,461,30,30770,129,0,13,1,0,0,18036.0,1,6,4.981069158494489,1.4041394,68.73923009347642
2020-06-29 04:03:58,119,2,52.28,0,25,39,530,24,0,4,0,0,1,17820.0,1,8,3.9755610262321337,0.3567947,69.19487184233782
2020-09-21 10:02:48,462,12,853.68,0,196,8,88735,88,1,10,0,0,0,39817.0,1,2,6.750727129874788,1.9563957,51.09558858053972
2020-09-14 17:25:45,238,11,904.82,0,507,23,1631,29,1,17,0,0,0,2648.0,2,10,6.8088406108076995,2.200871,96.05505720186328
2020-06-22 12:25:59,591,10,97.13,0,196,8,88735,88,0,12,0,0,0,56067.0,1,3,4.586293130218402,1.2017561,59.0453536328584
2020-10-12 18:55:10,402,6,195.69,0,25,39,530,24,1,18,0,0,0,55057.0,1,5,5.281628885261801,0.20571585,35.58647112421171
2020-07-22 22:39:36,225,9,80.32,0,825,21,765,233,0,22,2,0,1,4717.0,1,4,4.398391988760146,-0.06443042,114.28615612398723
2020-07-04 09:33:27,55,2,47.27,1,81,25,1939,317,0,9,5,1,0,24612.0,1,2,3.8768102496724017,-0.6240434,76.28372925752421
2020-11-22 05:39:38,4,3,17.71,1,82,20,3224,157,0,5,6,1,1,8688.0,1,5,2.9290581402859983,-0.32524773,50.84968094716845
2020-10-07 13:54:15,397,10,18.99,0,160,46,85,378,0,13,2,0,0,11817.0,1,8,2.995232148512309,-0.45935383,40.99197957172287
2020-11-10 07:25:19,444,2,68.89,0,211,16,341,238,0,7,1,0,0,29435.0,1,3,4.246922577489038,0.06425784,99.2126872103833
2020-12-08 20:53:45,128,1,17.14,1,607,19,33917,96,0,20,1,0,0,7435.0,1,7,2.8981194446869907,-0.48120224,84.76452825207029
2020-06-27 17:04:32,161,10,67.91,0,431,13,725,171,0,17,5,1,0,3658.0,1,4,4.232801305369117,0.39387342,105.7631085676482
2020-09-27 05:04:47,466,4,94.01,1,221,15,1442,17,0,5,6,1,1,12337.0,1,3,4.553982149218658,0.037120514,96.53830091007886
2020-09-21 02:49:06,491,12,139.9,1,815,45,140,123,0,2,0,0,1,53833.0,1,5,4.948050418904635,2.3854787,63.82320908096447
2020-08-07 02:27:45,543,4,362.44,0,417,42,4090,422,1,2,4,0,1,1563.0,3,8,5.895614221451148,0.8855751,62.06676663062476
2020-07-21 13:36:00,224,12,1.91,1,674,42,20328,408,0,13,1,0,0,3059.0,2,7,1.0681530811834012,-0.5214706,121.02033681639935
2020-10-14 17:35:31,593,11,65.75,0,386,14,1423,359,0,17,2,0,0,7850.0,1,6,4.200954297280359,-0.11199853,60.73861196831034
2020-08-17 09:07:19,316,4,114.44,0,746,24,1686,137,0,9,0,0,0,25996.0,1,4,4.7487509144656155,1.5441339,68.29449767429
2020-08-27 23:28:27,271,8,726.12,0,23,19,92106,1,1,23,3,0,1,936.0,2,5,6.589091525810515,1.4443766,92.1910357077553
2020-08-01 21:50:37,425,12,1.17,0,71,11,888,56,0,21,5,1,0,2461.0,2,7,0.7747271675523681,-0.73070127,95.50375871736514
2020-12-21 16:11:17,266,0,15.31,1,490,39,1514,73,0,16,0,0,0,97944.0,1,1,2.7917784166329227,-0.85267425,72.49970052182118
2020-11-07 16:36:06,456,6,32.49,1,535,36,28278,383,0,16,5,1,0,57633.0,1,4,3.5112468868061133,-0.016870555,37.191444920984466
2020-07-05 03:42:14,98,1,115.28,0,628,39,8333,28,1,3,6,1,1,3436.0,2,6,4.756001075690675,-0.46791783,122.74013585167636
2020-12-01 11:53:04,444,2,71.7,1,756,2,111,57,0,11,1,0,0,45738.0,1,18,4.286341384539473,-0.15728767,85.14201208570483
2020-09-30 05:24:52,497,2,69.98,0,757,48,836,193,0,5,2,0,1,35354.0,1,7,4.2623981472183505,0.527946,63.61018343495483
2020-10-27 13:54:53,160,5,58.41,0,269,22,346,379,0,13,1,0,0,1596.0,3,9,4.08446256236765,0.65456563,63.85774835432377
2020-12-04 06:28:53,638,9,36.38,1,584,4,171170,67,0,6,4,0,1,97176.0,1,1,3.6211358020274167,-0.8626858,102.10732797053124
2020-12-13 16:15:54,85,7,29.91,0,601,13,2135,362,0,16,6,1,0,1597.0,3,17,3.431079756144025,-0.6382816,60.54909557506123
2020-12-07 19:07:57,538,0,47.63,0,745,4,54287,115,0,19,0,0,0,13914.0,1,12,3.8842406244156944,-0.48822683,83.67906291892626
2020-09-25 04:46:27,602,4,45.85,1,244,33,3833,284,0,4,4,0,1,38799.0,1,2,3.846951008684431,-0.5227999,84.75745182451068
2020-07-19 23:56:43,348,1,19.39,0,49,44,863,162,0,23,6,1,1,5922.0,1,6,3.015044584586364,-0.58845115,19.88947809956877
2020-06-26 14:57:33,89,6,35.83,0,315,22,4508,296,0,14,4,0,0,65753.0,1,2,3.606312730456974,-0.32037142,61.68825089853418
2020-10-25 04:35:45,272,2,52.91,0,636,34,51,275,0,4,6,1,1,22952.0,1,3,3.9873159894635775,-0.26611868,91.58017344955172
2020-08-28 23:43:38,557,11,1107.04,0,23,19,92106,1,1,23,4,0,1,23285.0,1,4,7.010347967738634,1.9479253,106.08564188096244
2020-08-21 00:52:22,222,9,721.52,0,611,6,2376,216,1,0,4,0,1,1196.0,2,11,6.582745101264357,2.5351224,50.22414312432586
2020-07-06 18:11:42,113,5,46.4,0,725,40,343,124,0,18,0,0,0,15306.0,1,7,3.858622228701031,0.2840317,98.23672113592885
2020-10-11 05:03:06,602,4,379.57,0,515,4,1661,454,1,5,6,1,1,4882.0,1,6,5.941670128844168,0.7097076,44.34803647728951
2020-10-09 18:24:57,516,13,8.12,1,653,49,19408,255,0,18,4,0,0,10629.0,1,3,2.21046980408624,-1.2512974,109.29249873006214
2020-08-17 15:56:17,377,13,4.2,0,397,41,391389,117,0,15,0,0,0,4508.0,1,4,1.6486586255873816,-1.0620018,80.81592197501423
2020-08-07 23:23:52,454,12,1079.08,0,749,28,1789,236,1,23,4,0,1,3364.0,2,3,6.984790391448991,3.9371693,71.16707983955168
2020-07-20 19:28:23,40,0,76.22,0,19,43,42384,198,0,19,0,0,0,87569.0,1,1,4.346658490836091,-0.21238476,64.64748360894293
2020-12-28 19:30:01,30,10,15.59,0,155,5,525713,291,0,19,0,0,0,4426.0,1,7,2.808800104202353,-0.58584857,100.44617477512911
2020-08-16 02:17:14,31,11,1019.77,0,339,28,1745,148,1,2,6,1,1,1831.0,3,5,6.928312523443935,2.4658916,137.89076831593206
2020-08-29 19:43:47,435,6,34.8,1,751,48,571,3,0,19,5,1,0,9082.0,1,5,3.5779478934066544,-0.22806296,100.20210608863088
2020-07-08 23:13:50,387,12,1.89,0,352,48,21902,422,0,23,2,0,1,44601.0,1,3,1.0612565021243408,-0.8943668,79.72997403050367
2020-12-01 05:12:59,77,2,64.42,0,510,21,16305,360,0,5,1,0,1,28203.0,1,8,4.180828022110238,0.3325545,108.0874657905717
2020-09-11 11:03:23,239,4,149.93,1,161,2,376,114,0,11,4,0,0,30067.0,1,5,5.016816153171337,1.7304378,56.92574071428002
2020-12-06 07:01:06,452,9,8.44,0,748,9,1324,166,0,7,6,1,0,1657.0,2,9,2.244955980157409,-0.69313747,70.28473217773032
2020-09-19 15:03:43,165,1,81.7,1,450,28,206,225,0,15,5,1,0,62728.0,1,2,4.415219602029645,0.8448355,42.29528440827821
2020-11-21 00:59:18,407,2,85.92,1,472,8,139650,112,0,0,5,1,1,107131.0,1,1,4.464988155388229,0.91517127,64.79193794096
2020-10-28 03:53:32,316,1,140.13,0,202,34,2644,149,1,3,2,0,1,2996.0,2,8,4.949681451425915,0.18719132,76.21782950388474
2020-07-23 15:28:26,422,10,105.7,0,87,45,5895,398,0,15,3,0,0,320.0,2,8,4.670021158307708,-0.12159429,118.88684620881996
2020-08-23 15:07:23,455,7,177.71,0,144,42,34153,51,0,15,6,1,0,3750.0,1,6,5.185764380308706,3.47664,106.3365381995867
2020-12-11 08:07:55,622,2,37.28,0,40,11,2036,168,0,8,4,0,0,355.0,2,5,3.6449275665847534,-0.10340101,104.31615201644047
2020-09-25 11:14:29,645,4,100.23,0,624,42,263,41,0,11,4,0,0,426.0,2,6,4.6173951556106605,0.22980347,46.6391078392181
2020-08-17 19:40:01,361,1,62.95,0,553,26,21134,126,0,19,0,0,0,8506.0,1,6,4.158101528024852,-0.089172624,88.78750902781414
2020-08-18 00:30:17,70,11,1017.67,0,85,39,1523,383,1,0,1,0,1,275.0,2,7,6.926253133864257,4.1036477,107.86551750058858
2020-08-03 07:22:07,49,1,52.07,1,28,33,7987,446,0,7,0,0,0,7244.0,1,4,3.9716117968398037,0.150332,26.35335354436948
2020-09-20 19:38:13,454,12,469.09,0,387,41,87124,471,0,19,6,1,0,67015.0,1,3,6.152924165734059,2.704232,31.731654241395752
2020-11-12 17:05:11,115,0,33.59,0,75,42,1563,187,0,17,3,0,0,265.0,2,5,3.5435646229490776,-0.35473925,118.48627421598292
2020-07-20 11:17:28,463,2,53.88,0,748,9,1324,166,0,11,0,0,0,28057.0,1,6,4.00514898341763,0.3884274,131.55881787244607
2020-08-04 18:46:47,167,0,114.99,0,542,2,1383,270,0,18,1,0,0,107454.0,1,1,4.753503980493785,0.29963046,56.97937180883756
2020-09-30 23:55:47,503,11,208.12,1,756,2,111,57,0,23,2,0,1,12995.0,1,4,5.3429082498759115,1.2466717,102.11034690212124
2020-12-28 03:10:08,250,9,34.17,1,92,25,1446,65,0,3,0,0,1,6021.0,1,6,3.5601934464858913,-0.7025538,102.31613384698596
2020-10-13 23:26:49,438,12,129.55,1,225,17,1261,48,0,23,1,0,1,9445.0,1,5,4.871756295145138,0.29656762,51.07636030971381
2020-09-13 02:00:30,8,11,9.34,0,67,41,3876,406,0,2,6,1,1,31412.0,1,3,2.336019869080283,-0.5456838,26.771103711780704
2020-07-21 04:46:56,623,8,7.83,0,326,48,642,50,0,4,1,0,1,17660.0,1,6,2.178155014615869,-0.82413566,23.3883941091339
2020-08-03 01:35:25,567,0,532.58,0,365,8,5719,217,1,1,0,0,1,42308.0,1,2,6.279609012639604,2.2985616,57.96675218727221
2020-08-05 10:54:07,498,2,55.17,0,25,39,530,24,0,10,2,0,0,26799.0,1,9,4.028382806544341,-0.12442864,80.6720718472091
2020-12-22 08:53:02,346,11,257.87,1,546,29,1966,421,0,8,1,0,0,3048.0,2,3,5.556326005188326,2.4781914,73.95247681557301
2020-12-28 12:44:42,487,11,175.15,1,824,16,564,320,0,12,0,0,0,1964.0,2,26,5.171335904787247,1.9483286,76.6369536294079
2020-11-25 14:41:04,545,12,115.53,0,386,14,1423,359,0,14,2,0,0,61098.0,1,6,4.758148750585172,0.79094833,99.28306198926299
2020-07-06 03:29:11,622,2,23.11,0,195,42,579,226,1,3,0,0,1,2278.0,3,5,3.1826266921930797,-0.5269314,67.30784178761168
2020-07-26 23:55:47,342,8,55.5,0,108,15,1689,199,0,23,6,1,1,37952.0,1,4,4.034240638152395,-0.5051212,52.62946432697185
2020-07-22 03:31:11,316,4,314.36,1,620,36,841711,151,1,3,2,0,1,254.0,3,9,5.75371484340441,2.4215405,40.73566221915054
2020-10-25 07:35:06,518,2,10.36,0,108,15,1689,199,1,7,6,1,0,12932.0,1,9,2.4300984132930052,-0.6056037,33.524390899540236
2020-10-17 08:39:21,149,8,1.98,0,71,11,888,56,0,8,5,1,0,2260.0,2,5,1.091923300517313,-1.0518774,34.67360798305488
2020-08-08 20:29:23,26,7,20.67,0,749,28,1789,236,1,20,5,1,0,65724.0,1,10,3.075928815548268,-0.5132678,83.76969844884064
2020-06-25 23:02:48,614,6,141.15,1,379,42,95035,341,0,23,3,0,1,6794.0,1,3,4.956882838097009,2.023504,110.4945834639295
2020-08-18 06:34:36,682,9,102.23,1,584,4,171170,67,0,6,1,0,1,26883.0,1,2,4.636959508477498,-0.4738711,102.51514300435781
2020-08-07 02:44:10,140,8,695.52,1,800,8,14742,440,1,2,4,0,1,237.0,3,5,6.546096507811182,1.223825,85.83272270117803
2020-07-17 23:29:21,372,11,8.57,0,102,39,1725,410,0,23,4,0,1,14371.0,1,5,2.258633205464863,-0.33343393,83.26946967026207
2020-12-22 13:39:16,513,9,178.02,0,52,2,4074,395,0,13,1,0,0,1955.0,3,16,5.187497531442793,0.9885547,70.3649468653152
2020-07-11 03:58:59,179,12,730.65,0,79,8,51427,81,1,3,5,1,1,5780.0,1,5,6.595302257538435,0.9749779,43.429887767863534
2020-11-19 11:28:23,231,2,59.34,0,218,6,647,97,0,11,3,0,0,27019.0,1,5,4.099995233730915,0.22621812,95.13689543310808
2020-08-10 18:29:03,109,13,4.68,0,377,42,2807,77,0,18,0,0,0,3184.0,2,7,1.7369512327330598,-0.8453038,94.97618726617182
2020-10-19 00:10:08,508,2,51.39,1,684,42,1595797,248,0,0,0,0,1,18449.0,1,7,3.9587157334201284,-0.018409612,85.1404104671867
2020-12-02 22:40:11,175,11,984.28,1,168,0,1920,90,1,22,2,0,1,755.0,3,4,6.892925864736135,0.39574575,96.75727501949095
2020-12-01 18:39:46,574,0,53.55,0,605,37,1526206,421,0,18,1,0,0,3147.0,2,20,3.9991177122790798,-0.19124618,11.743856471929204
2020-12-06 23:53:03,70,11,1073.81,0,556,34,1443,382,1,23,6,1,1,5118.0,1,8,6.9798991807546225,2.474147,64.017503888765
2020-10-24 23:12:19,443,11,826.38,0,613,33,9993,320,1,23,5,1,1,258.0,2,4,6.718264081629771,2.9169319,111.41528128555373
2020-07-26 03:34:19,151,0,163.64,1,738,35,55345,54,0,3,6,1,1,1127.0,2,6,5.103761272085739,1.8545221,22.80833481043578
2020-10-27 13:08:26,197,7,119.35,0,780,23,3805,244,0,13,1,0,0,119457.0,1,1,4.790404164229081,1.0343753,47.84088284678947
2020-10-24 22:20:33,533,4,322.47,0,698,46,837792,430,1,22,5,1,1,6369.0,1,2,5.779106373937489,-0.70710677,117.50097824969025
2020-07-28 15:23:21,620,5,39.13,1,523,8,276002,352,0,15,1,0,0,7434.0,1,4,3.6921241842788253,-0.05400918,86.79066038825108
2020-10-03 17:28:35,545,12,145.08,1,824,16,564,320,0,17,5,1,0,23246.0,1,5,4.984154416846659,1.9604077,57.35485537511356
2020-12-05 06:35:14,678,4,274.68,1,274,4,172817,11,1,6,5,1,1,14438.0,1,6,5.619240772779619,0.46518713,70.74792377481
2020-07-17 12:02:38,500,10,65.22,1,819,8,459921,6,0,12,4,0,0,31704.0,1,3,4.1929825321191005,0.26896524,98.05247324339405
2020-08-05 00:50:21,444,2,53.15,1,148,37,5507,388,0,0,2,0,1,22292.0,1,3,3.9917579734469997,-0.1944005,64.81611615815234
2020-12-31 22:51:24,7,6,34.23,0,573,11,53,417,0,22,3,0,1,28873.0,1,3,3.561897992353146,-0.16572732,70.06221977539579
2020-10-18 22:36:45,123,5,21.79,0,757,35,1675,41,1,22,6,1,1,76441.0,1,6,3.126321843257593,-0.55075943,32.59753417695177
2020-12-24 12:12:54,85,7,40.89,1,770,35,1165,362,0,12,3,0,0,22151.0,1,3,3.7350471349589434,-0.30831724,46.97368092112648
2020-08-02 20:41:18,297,9,1.39,0,49,44,863,162,0,20,6,1,0,2360.0,2,7,0.8712933659434193,-0.594609,81.59541620032076
2020-08-07 02:23:57,625,2,13.63,0,269,22,346,379,1,2,4,0,1,2924.0,2,8,2.683074215032033,-0.50540805,33.89863993909364
2020-11-26 22:23:45,6,11,797.76,0,734,36,9587,149,1,22,3,0,1,6507.0,1,9,6.683060525175191,0.8877088,22.883219513152266
2020-07-24 11:36:08,550,4,81.87,1,815,45,140,123,0,11,4,0,0,22967.0,1,6,4.417273114860951,-0.19698565,64.31027643499938
2020-11-10 10:50:09,332,2,62.28,0,198,11,222785,476,0,10,1,0,0,10660.0,1,5,4.147569323459399,0.57705104,106.89539429384165
2020-09-06 22:58:53,375,13,10.18,0,165,33,722,97,1,22,6,1,1,1102.0,4,12,2.414126467726953,-0.59125865,14.911262263484478
2020-07-28 20:45:43,78,7,65.84,0,386,14,1423,359,0,20,1,0,0,4717.0,1,10,4.202301703727193,-0.10752703,111.62497077758263
2020-09-02 05:09:05,47,2,34.93,0,777,37,328,467,0,5,2,0,1,18849.0,1,11,3.581572601125427,-0.3902095,85.75941223717234
2020-10-11 14:56:59,264,7,24.29,0,357,14,910148,190,0,14,6,1,0,7501.0,1,6,3.2304090606818736,-0.61001784,95.95223886599781
2020-10-14 13:34:35,366,10,23.53,1,381,19,19054,309,0,13,2,0,0,38210.0,1,10,3.199896858270398,-0.7695848,81.53796782816751
2020-08-26 15:09:51,123,5,52.25,1,304,19,3766,336,0,15,2,0,0,10618.0,1,5,3.9749978045895347,0.43956676,29.454050724010205
2020-09-29 12:37:58,672,6,164.14,0,52,2,4074,395,0,12,1,0,0,10258.0,1,7,5.106793598989283,0.7921846,104.24209138692154
2020-09-03 09:22:09,173,3,18.8,0,606,3,1312922,106,0,9,3,0,0,40340.0,1,3,2.9856819377004897,-0.2585216,52.45440850708992
2020-08-09 22:21:28,541,1,2.19,1,653,49,19408,255,0,22,6,1,1,13188.0,1,8,1.1600209167967532,-0.7421703,71.4500314574078
2020-08-10 23:14:33,400,12,1.48,1,350,1,190178,445,0,23,0,0,1,10470.0,1,8,0.9082585601768908,-1.0758313,81.55242672637803
2020-12-19 22:54:19,90,13,8.06,0,34,37,3066,345,0,22,5,1,1,17894.0,1,4,2.203869120054888,-0.91678035,47.80104749762918
2020-12-08 06:19:34,365,2,78.11,1,238,31,18408,218,0,6,1,0,1,4922.0,1,13,4.370839289033305,0.65659255,96.62014422794583
2020-06-23 08:49:48,381,2,69.42,1,484,9,4138,184,0,8,1,0,0,87331.0,1,1,4.254477313726906,0.41710463,89.11539803208885
2020-06-27 16:08:21,481,6,7.6,0,47,18,1850,106,0,16,5,1,0,34101.0,1,5,2.151762203259462,-0.61841065,109.35258774436771
2020-07-29 07:36:29,336,4,108.88,1,768,13,1532,372,0,7,2,0,0,9025.0,1,5,4.699388861227073,0.90273017,105.19627980267637
2020-12-27 12:59:23,529,7,71.07,0,6,31,641349,62,0,12,6,1,0,35782.0,1,4,4.27763786893635,0.42476732,80.32020937966826
2020-06-29 09:55:11,158,3,106.97,1,685,4,1241364,97,0,9,0,0,0,137736.0,1,1,4.681853410759049,1.8599824,55.72587117746541
2020-10-31 00:20:58,25,4,306.33,1,693,13,92294,81,1,0,5,1,1,85363.0,1,2,5.727922088842681,1.8979082,127.68381589231176
2020-09-20 04:06:33,117,2,44.85,0,207,44,1970,144,0,4,6,1,1,55881.0,1,3,3.825375198702474,-0.2016227,112.69779315243042
2020-12-28 22:18:53,188,6,28.46,0,256,17,1178,94,0,22,0,0,1,9107.0,1,13,3.3830334110344844,-0.6671841,93.72027451325805
2020-07-03 22:55:29,646,13,5.8,0,140,23,1146,179,0,22,4,0,1,13362.0,1,2,1.916922612182061,-0.5543722,90.39294733888636
2020-12-20 21:17:21,44,10,81.02,1,514,34,177,180,0,21,6,1,0,1734.0,2,10,4.406963119963913,-0.13846692,98.95302693693834
2020-11-02 16:57:21,606,7,60.59,0,499,26,3495,358,0,16,0,0,0,11953.0,1,5,4.120499519698952,-0.18919021,34.11426582657074
2020-08-25 17:21:15,657,1,60.98,1,640,5,277,225,0,17,1,0,0,3986.0,1,6,4.126811752359602,-0.37473494,74.75534779533061
2020-08-08 18:27:37,603,6,66.36,0,652,16,571,370,0,18,5,1,0,2775.0,2,4,4.210051369934071,0.10678778,105.83217329213558
2020-11-25 14:48:04,263,0,74.27,1,415,37,1140,8,0,14,2,0,0,81345.0,1,3,4.321081649046441,-0.5920644,72.53899183501635
2020-07-23 04:00:57,103,2,78.3,1,144,1,3996,16,0,4,3,0,1,32301.0,1,7,4.373238128640803,0.3086514,71.06553389523636
2020-08-04 00:51:27,641,9,9.29,0,365,8,5719,217,1,0,1,0,1,4909.0,1,9,2.331172549845958,-0.7676511,90.1260674775645
2020-12-27 03:55:45,330,3,14.8,0,387,41,87124,471,0,3,6,1,1,44022.0,1,2,2.760009940032921,-0.75717586,14.795488721709184
2020-12-23 11:53:10,610,12,6.63,0,122,44,1363,175,0,11,2,0,0,4740.0,1,6,2.0320878452963655,-0.88724816,92.00390888461855
2020-09-04 11:43:06,172,8,4.0,0,273,37,7565,237,0,11,4,0,0,30989.0,1,2,1.6094379124341003,-0.71054435,101.12345775031066
2020-10-07 18:13:28,504,11,1081.63,1,76,37,1770,9,1,18,2,0,0,62692.0,1,8,6.987148545044885,1.1683524,68.36464109425212
2020-08-03 19:22:19,555,11,198.4,0,108,15,1689,199,0,19,0,0,0,6452.0,1,7,5.295312857527738,2.0739536,109.05177968002785
2020-08-26 16:45:30,562,7,30.64,0,332,34,7646,279,0,16,2,0,0,8192.0,1,8,3.4544221428994533,-0.52455664,86.30373433138432
2020-09-04 00:18:51,345,4,132.04,0,171,34,321,104,0,0,4,0,1,4033.0,1,4,4.890649834884672,1.5594205,27.16823259865768
2020-07-10 23:22:47,85,7,127.03,0,518,21,2523,206,0,23,4,0,1,11073.0,1,4,4.852264611458088,0.6890125,110.54838215463792
2020-07-04 18:56:01,151,0,57.84,1,658,33,2258,51,0,18,5,1,0,43568.0,1,3,4.074821895733237,-0.0905209,39.676942267252294
2020-09-01 22:58:51,6,11,989.45,1,26,44,207410,218,1,22,1,0,1,497.0,2,8,6.89815938530869,0.81348246,69.88125552223532
2020-07-21 14:52:33,512,6,21.47,1,848,42,2836,119,0,14,1,0,0,246.0,3,6,3.112181086197238,-0.51620495,73.63993673076102
2020-06-25 04:54:38,162,2,104.42,1,285,19,5927,35,0,4,3,0,1,31377.0,1,4,4.6579523714270605,-0.17520326,58.49800110655623
2020-08-30 05:28:58,488,2,72.27,1,526,13,1504,270,0,5,6,1,1,13372.0,1,4,4.294151248171873,-0.16202821,35.22559143766467
2020-08-07 00:32:16,156,9,4.54,1,181,42,1263321,443,0,0,4,0,1,81225.0,1,2,1.7119945007591924,-1.4037521,109.75813429802116
2020-11-03 04:21:54,488,2,44.55,0,652,16,571,370,0,4,1,0,1,38531.0,1,2,3.8188106237059674,0.4788656,56.94875357513427
2020-10-16 07:23:25,12,4,118.25,0,253,4,276,395,0,7,4,0,0,10591.0,1,3,4.781222129768451,0.8364405,73.21802627316944
2020-12-14 16:13:22,45,7,11.06,0,72,39,4913,441,0,16,0,0,0,1978.0,2,7,2.4898941912990393,-0.95042396,65.06107623566366
2020-08-16 21:45:48,455,7,146.01,0,216,11,885,329,0,21,6,1,0,11100.0,1,6,4.990500611675875,1.1719816,9.331314046697123
2020-07-04 00:07:28,25,4,122.54,0,748,9,1324,166,0,0,5,1,1,14832.0,1,4,4.816564990267753,1.6797047,134.56329535680743
2020-12-26 19:34:38,452,9,3.66,1,814,33,11250,257,0,19,5,1,0,8513.0,1,6,1.5390154481375546,-0.8620573,111.67988650022903
2020-11-01 18:17:20,169,7,37.52,0,748,9,1324,166,0,18,6,1,0,10412.0,1,7,3.651177586929925,-0.3777205,53.86525922450452
2020-12-02 23:12:33,136,9,19.38,1,500,31,7268,451,0,23,2,0,1,10774.0,1,11,3.0145540277945786,-0.4318242,93.4708505350931
2020-08-15 11:06:03,281,8,9.77,0,256,17,1178,94,0,11,5,1,0,14274.0,1,4,2.3767644911682972,-0.69840056,75.26995152054846
2020-10-24 14:52:00,348,1,8.56,1,149,24,3451,188,0,14,5,1,0,59392.0,1,3,2.25758772706331,-0.6391637,96.5779908887973
2020-10-25 23:48:26,556,10,20.94,0,108,15,1689,199,1,23,6,1,1,926.0,6,15,3.088311454847084,-0.79573107,53.36616849223261
2020-09-09 18:14:01,201,12,46.45,0,355,23,123373,164,0,18,2,0,0,30485.0,1,2,3.859676525055937,-0.7782731,76.44482871962066
2020-09-15 16:30:30,577,10,31.62,0,549,28,509,299,0,16,1,0,0,4441.0,1,5,3.484925597192868,-0.12058863,71.56680849149413
2020-07-06 22:35:16,648,1,34.89,1,498,24,2870,66,0,22,0,0,1,3566.0,2,15,3.580458705159516,-0.25309032,54.77434900802962
2020-12-24 16:24:07,115,0,232.03,0,368,37,6508,464,0,16,3,0,0,2789.0,2,7,5.451167200642247,2.4537485,100.26104071069246
2020-08-24 16:47:29,123,5,16.92,1,838,48,5512,180,0,16,0,0,0,6572.0,1,11,2.8859174075467844,-0.327099,111.56616420004644
2020-08-05 10:16:51,268,4,135.98,0,777,37,328,467,0,10,2,0,0,8233.0,1,10,4.919834929769759,1.718232,19.881593987232645
2020-06-24 23:20:06,616,11,900.77,0,737,20,1131,268,1,23,2,0,1,3220.0,2,3,6.8043594986338976,3.5402274,92.27789059241907
2020-06-27 17:49:45,105,5,5.13,1,413,18,76383,207,0,17,5,1,0,6187.0,1,3,1.81319474994812,-0.2972053,10.779082606714988
2020-08-25 22:36:22,140,8,776.33,0,241,13,6713,31,1,22,1,0,1,585.0,3,5,6.655864970628413,2.704026,72.1307383355497
2020-10-19 22:50:46,532,5,20.99,0,371,1,1089,274,0,22,0,0,1,6579.0,1,11,3.09058780456667,-0.26449493,53.16636592974577
2020-10-25 22:15:44,352,4,272.26,0,276,13,3119,438,1,22,6,1,1,13795.0,1,5,5.610423722910342,0.32748502,98.42251475297512
2020-09-14 22:33:42,471,6,13.64,0,771,35,413574,439,0,22,0,0,1,28919.0,1,2,2.6837575085331657,-0.8282186,83.3873858009565
2020-12-16 23:00:00,211,6,42.48,0,463,42,1791,105,0,23,2,0,1,16458.0,1,4,3.7723010622530087,-0.08321626,18.395746551702963
2020-11-11 23:10:59,435,6,166.23,0,664,48,4575,420,0,23,2,0,1,60269.0,1,2,5.119370110393032,0.45502844,78.19235684236169
2020-07-18 14:35:47,218,13,6.3,1,596,2,6434,344,0,14,5,1,0,153511.0,1,1,1.9878743481543455,-0.6873478,26.04718399813257
2020-07-01 18:40:55,489,10,9.2,1,689,22,16163,227,0,18,2,0,0,8134.0,1,6,2.322387720290225,-0.76995367,24.605276409688265
2020-11-02 01:41:53,20,4,144.93,0,253,4,276,395,0,1,0,0,1,17268.0,1,4,4.983127054679654,1.6632594,33.84282768165521
2020-06-26 02:51:20,360,2,67.34,0,90,33,520,361,0,2,4,0,1,6486.0,1,6,4.2244952466871455,0.62781924,86.35159663502941
2020-11-12 00:46:20,439,3,54.53,0,368,37,6508,464,0,0,3,0,1,44804.0,1,2,4.016923415253516,-0.49085572,98.78016134803305
2020-10-08 05:18:10,153,2,51.92,0,610,1,1412,129,0,5,3,0,1,40906.0,1,4,3.968781339246755,-0.26292172,35.16917982471232
2020-07-03 23:07:22,372,11,991.33,1,304,19,3766,336,1,23,4,0,1,1392.0,3,6,6.900055713255696,4.4840755,43.45988355092685
2020-07-23 17:01:12,335,13,6.5,1,198,11,222785,241,0,17,3,0,0,190916.0,1,1,2.0149030205422647,-0.4607101,90.3469014268916
2020-07-27 23:38:03,476,0,7.39,0,71,11,888,56,0,23,0,0,1,2554.0,2,14,2.127040520479115,-0.9109579,127.01759434478244
2020-08-14 01:25:33,175,11,866.33,0,454,49,241,139,1,1,4,0,1,8437.0,1,4,6.765419527199415,2.8947299,116.7759059630324
2020-07-22 03:26:57,24,2,7.65,1,620,36,841711,151,1,3,2,0,1,931.0,2,8,2.157559320943788,-0.7999329,88.58924386287343
2020-09-21 20:36:16,28,0,6.08,0,173,16,502,70,0,20,0,0,0,26596.0,1,8,1.9572739077056285,-0.88921356,114.30040756075144
2020-07-30 07:54:02,162,2,53.53,0,207,44,1970,144,0,7,3,0,0,34535.0,1,7,3.9987510089379703,-0.07628447,109.48088973964822
2020-06-21 13:27:02,95,6,25.64,1,29,23,35439,249,0,13,6,1,0,999999.0,1,1,3.2824138456721883,0.0,41.59578912924788
2020-10-20 20:28:04,606,7,72.24,0,794,2,7155,155,0,20,1,0,0,7235.0,1,7,4.2937417198063095,-0.25632107,51.95860814039087
2020-09-13 01:38:49,682,9,32.11,1,35,36,1302,113,0,1,6,1,1,1588.0,2,3,3.4998353515591547,-1.5221395,103.5814143181639
2020-09-08 23:21:25,26,7,174.3,0,539,20,1643,188,0,23,1,0,1,16309.0,1,6,5.1664987919271885,1.4956851,98.81489468832321
2020-09-14 08:28:17,308,4,83.79,0,102,39,1725,410,0,8,0,0,0,3184.0,2,10,4.440177611315912,1.1202632,106.23928572378986
2020-08-23 01:51:45,580,9,327.47,1,104,35,471,422,0,1,6,1,1,3139.0,2,9,5.7944455095534435,3.9012866,111.98349708399638
2020-07-24 23:56:01,592,9,10.95,0,575,46,149,414,0,23,4,0,1,6136.0,1,13,2.4807312783775197,-0.79000366,47.2300852274101
2020-10-02 07:02:34,73,4,81.61,1,608,37,687276,398,0,7,4,0,0,3434.0,2,3,4.414130738574414,0.1243141,97.75008886209727
2020-10-19 15:16:16,575,12,4.34,0,91,30,504,155,0,15,0,0,0,5503.0,1,5,1.6752256529721035,-0.95858234,67.47146016562664
2020-10-21 02:45:06,472,4,198.69,0,553,26,21134,126,0,2,2,0,1,8678.0,1,6,5.2967661640553,1.6746563,88.34463177176234
2020-09-08 13:46:59,320,0,15.15,0,404,4,11256,332,0,13,1,0,0,11452.0,1,10,2.7819200496686656,-1.0362072,84.91960900754914
2020-06-27 13:56:40,507,5,72.11,0,772,33,6120,65,0,13,5,1,0,12882.0,1,5,4.291965156305224,0.0806413,59.97357750561918
2020-06-25 06:32:16,410,3,23.52,0,711,36,217,388,0,6,3,0,1,157128.0,1,1,3.1994891110680106,-0.39410982,111.32265875230334
2020-09-13 23:09:52,443,11,961.84,0,816,33,10256,437,1,23,6,1,1,3971.0,1,6,6.869887250538241,1.3914248,72.64017859184892
2020-12-20 21:49:28,490,6,89.89,0,424,5,320420,473,0,21,6,1,0,2892.0,2,10,4.509649984130679,0.13914205,67.54593233104038
2020-12-19 13:15:05,42,12,3.23,0,717,16,6841,456,0,13,5,1,0,8279.0,1,4,1.4422019930581866,-0.54472655,119.47394518726176
2020-11-16 05:46:40,308,4,137.29,0,268,33,165,296,0,5,0,0,1,16455.0,1,5,4.929352929476567,1.9241699,84.11769578011506
2020-08-12 03:38:16,146,4,303.46,0,837,27,1190,114,1,3,2,0,1,3253.0,2,12,5.718539715631108,2.9655373,92.70575863061443
2020-12-15 17:15:37,400,12,1.2,0,170,26,12335,73,0,17,1,0,0,8710.0,1,7,0.7884573603642702,-0.99108726,57.53345076320568
2020-08-03 05:10:26,360,2,49.57,0,505,11,533,74,0,5,0,0,1,185537.0,1,1,3.9233585150918917,-0.27597943,81.64283376851608
2020-11-23 01:41:25,585,3,52.95,1,720,45,1654,465,0,1,0,0,1,59576.0,1,2,3.9880576917041437,-0.44466245,55.3502026683922
2020-07-30 05:49:04,99,2,74.91,0,141,34,269,239,0,5,3,0,1,4688.0,1,6,4.3295484280286765,-0.07684861,112.07341421941533
2020-08-07 17:05:30,424,7,94.03,1,244,33,3833,284,0,17,4,0,0,6112.0,1,2,4.5541926312232235,1.04101,66.11456964085555
2020-12-30 01:02:24,303,8,8.62,1,798,32,4290,23,0,1,2,0,1,29115.0,1,3,2.263844264677615,-1.432535,84.71350849951081
2020-08-12 09:54:29,194,4,97.4,0,527,39,2206,45,0,9,2,0,0,12431.0,1,4,4.589040804058207,0.322856,78.67735331423278
2020-08-03 13:56:08,403,12,6.12,0,758,43,46,426,0,13,0,0,0,33716.0,1,5,1.9629077254238845,-0.92878,100.31165127769029
2020-12-13 15:44:37,184,13,7.34,0,536,4,34882,210,0,15,6,1,0,836.0,3,10,2.1210632163706555,-0.66448367,133.57006372107807
2020-06-21 21:34:56,72,11,15.5,0,598,42,12747,283,0,21,6,1,0,525.0,3,3,2.803360380906535,-0.60058486,55.19494941621881
2020-07-24 12:45:16,258,5,95.82,0,50,17,378909,116,0,12,4,0,0,80563.0,1,3,4.572853584511548,0.53471476,96.49338993764754
2020-11-18 09:59:39,427,4,103.44,0,128,23,2368,141,0,9,2,0,0,42723.0,1,5,4.648612743830928,1.6335895,85.73204524431324
2020-12-07 14:13:34,304,11,17.86,0,603,1,59744,67,0,14,0,0,0,10631.0,1,15,2.937043277205311,-0.7771693,112.51211338461603
2020-07-19 04:40:56,117,2,55.03,0,581,10,1490,400,0,4,6,1,1,11881.0,1,8,4.025887261577193,-0.028166024,96.47175749910724
2020-11-18 22:09:22,401,13,2.25,0,828,23,760,350,0,22,2,0,1,14856.0,1,8,1.1786549963416462,-0.8425703,81.80948492366663
2020-12-10 05:36:09,550,4,45.79,1,323,41,4729,205,0,5,3,0,1,5882.0,1,6,3.845669504878125,-0.044721004,92.97271986364564
2020-08-11 00:25:45,560,8,9.38,0,605,37,1526206,88,0,0,1,0,1,15879.0,1,2,2.3398808777377424,-0.43591768,71.0877239842316
2020-08-07 03:28:29,676,9,125.42,0,211,16,341,238,0,3,4,0,1,105118.0,1,1,4.8396096970441524,2.2485802,63.49507845510992
2020-10-21 01:15:49,118,3,51.2,0,610,1,1412,129,0,1,2,0,1,20554.0,1,6,3.955082494888593,0.350701,104.24352083832436
2020-07-10 22:06:37,616,11,9.34,0,142,35,1760,303,0,22,4,0,1,10460.0,1,5,2.336019869080283,-0.6804973,92.32750965002597
2020-09-24 13:44:01,333,6,28.24,0,652,16,571,370,0,13,3,0,0,10244.0,1,7,3.3755376348815775,-0.5330962,115.54333270389318
2020-09-18 14:33:41,579,5,7.15,0,70,22,399,132,0,14,4,0,0,63118.0,1,2,2.0980179272527715,-0.9228986,79.89108443320539
2020-09-29 17:55:20,552,6,103.25,0,769,42,2211,245,0,17,1,0,0,86824.0,1,1,4.646791860678911,0.5911405,86.17227254662339
2020-07-27 03:10:49,598,9,37.66,1,651,13,928,314,0,3,0,0,1,101717.0,1,1,3.654805473780185,-0.5029827,73.67084604302427
2020-09-08 22:38:41,685,1,116.27,0,717,16,6841,456,0,22,1,0,1,20265.0,1,5,4.764478968472973,0.2557583,108.45430551687154
2020-09-08 08:24:32,64,4,168.99,0,783,9,94325,139,0,8,1,0,0,33298.0,1,4,5.135739611790679,1.6294608,92.50910602095271
2020-10-26 10:20:41,649,11,99.0,1,672,21,137,186,0,10,0,0,0,37741.0,1,2,4.605170185988092,0.72847825,63.86562453287469
2020-09-05 05:09:38,629,9,14.3,0,821,28,73,344,0,5,5,1,1,19838.0,1,5,2.72785282839839,-0.62862015,108.29259623289694
2020-09-17 18:25:39,517,13,2.42,0,477,17,137067,11,0,18,3,0,0,146283.0,1,1,1.2296405510745139,-0.8985002,38.90449656898456
2020-09-15 18:15:45,21,9,205.55,1,198,11,222785,241,0,18,1,0,0,105558.0,1,1,5.330542513842774,0.8483292,32.790542158713805
2020-12-05 21:02:44,619,0,88.01,0,836,26,186140,170,0,21,5,1,0,4224.0,1,6,4.48874872297084,0.1975,54.43096223014553
2020-07-31 19:07:10,1,10,5.81,0,121,39,4424,251,0,19,4,0,0,257756.0,1,1,1.918392120161421,-0.6834619,70.26668412731058
2020-07-11 21:10:23,423,13,3.19,0,280,42,5875,375,0,21,5,1,0,1371.0,2,6,1.4327007339340463,-0.6485931,96.44523726675696
2020-09-13 21:23:35,606,7,8.57,0,733,22,2607,254,0,21,6,1,0,24195.0,1,3,2.258633205464863,-0.61354023,56.99006847624078
2020-08-19 21:49:50,263,0,72.96,0,745,4,54287,115,0,21,2,0,0,6231.0,1,4,4.303524406518924,-0.14303112,112.07213669322888
2020-12-08 13:49:18,295,11,2.96,0,536,4,34882,210,0,13,1,0,0,23094.0,1,14,1.3762440252663892,-0.7287071,107.2272747318197
2020-12-01 19:27:09,576,1,70.04,0,440,33,8830,450,0,19,1,0,0,2052.0,2,8,4.2632430986839145,-0.28097636,98.96701171426682
2020-07-06 15:18:39,551,10,1.54,1,824,16,564,320,0,15,0,0,0,6235.0,1,16,0.9321640810304452,-1.1437439,21.61512688055866
2020-07-06 09:08:16,404,9,20.97,0,657,49,27971,292,0,9,0,0,0,29190.0,1,7,3.089677886396519,-0.7275523,89.61719270865751
2020-12-27 03:08:57,239,4,83.65,0,25,39,530,24,0,3,6,1,1,14673.0,1,9,4.438525108579144,1.0229688,89.14245383264996
2020-10-25 12:15:37,292,13,9.91,0,399,4,45303,391,0,12,6,1,0,13431.0,1,4,2.3896797998449792,-1.2716628,49.688626520416015
2020-12-19 02:17:10,347,11,91.5,1,250,37,2054,91,0,2,5,1,1,27120.0,1,9,4.52720864451838,0.07553867,67.82194649306727
2020-09-16 05:15:39,301,8,179.1,0,708,27,77,186,0,5,2,0,1,33956.0,1,6,5.19351225218191,2.3127446,72.37066454585157
2020-06-28 13:12:29,21,9,116.36,1,314,26,6006,316,0,13,6,1,0,12309.0,1,6,4.765246133834726,0.88842726,92.21111515683118
2020-10-14 20:50:16,612,7,16.25,0,296,26,5903,271,0,20,2,0,0,92568.0,1,1,2.847812143477369,-0.40068042,85.54159675439935
2020-12-29 15:06:32,307,13,6.54,1,234,22,744,91,0,15,1,0,0,11737.0,1,5,2.020222182019865,-0.675442,94.14076760097572
2020-12-24 13:59:22,279,6,60.73,0,130,33,4015,225,0,13,3,0,0,29599.0,1,2,4.122770036405805,-0.30983657,77.20207181895763
2020-07-10 10:04:43,436,3,53.22,1,230,30,124967,308,0,10,4,0,0,43093.0,1,3,3.9930498440705193,0.24474633,66.6526611221492
2020-11-13 14:49:48,165,1,9.67,1,630,5,151815,197,0,14,4,0,0,96287.0,1,1,2.367436065313662,-0.63825876,79.99040093157345
2020-11-30 07:57:31,358,2,60.75,0,49,44,863,162,0,7,0,0,0,742.0,2,8,4.123093975508087,0.69581705,54.80996511200789
2020-07-01 02:19:23,129,1,58.97,1,38,5,389246,398,0,2,2,0,1,47832.0,1,2,4.093844437180419,0.41127285,66.13622546610667
2020-12-04 23:31:44,132,6,11.18,1,741,18,21437,36,0,23,4,0,1,85764.0,1,2,2.4997952622817508,-0.7307978,74.28408332201695
2020-12-23 00:43:50,156,9,91.08,0,734,36,9587,149,0,0,2,0,1,40427.0,1,7,4.522657764413627,0.83629465,69.99495449000275
2020-06-24 03:29:59,241,4,84.25,0,25,39,530,24,0,3,2,0,1,30168.0,1,3,4.445588116163626,-0.18324663,132.95898485556023
2020-09-30 05:02:57,139,0,509.77,0,410,49,35371,329,1,5,2,0,1,62190.0,1,2,6.2359193910319055,1.3597504,104.6712309538113
2020-08-06 22:57:37,361,1,150.57,0,27,37,922,130,0,22,3,0,1,12128.0,1,4,5.021047564443566,1.2693346,111.413200034873
2020-09-28 23:07:10,140,8,887.62,1,457,34,2274,121,1,23,0,0,1,24330.0,1,3,6.7896696975634,1.8682296,26.589400010333545
2020-08-02 13:08:34,101,12,6.06,1,684,42,1595797,180,0,13,6,1,0,686.0,2,9,1.9544450515051506,-0.87152386,33.223862931999406
2020-09-05 23:38:04,503,11,881.37,0,419,16,296965,411,1,23,5,1,1,73970.0,1,3,6.782611469174578,0.5098171,35.703013686600144
2020-12-17 12:02:25,573,1,6.85,1,22,14,2304,385,0,12,3,0,0,3510.0,2,7,2.060513531794317,-0.4882334,86.66595040194765
2020-12-07 00:08:30,116,0,1.2,1,458,37,4172,104,0,0,0,0,1,1950.0,2,11,0.7884573603642702,-1.0103073,83.7259606009626
2020-10-16 16:38:44,557,11,9.48,1,832,15,409656,215,0,16,4,0,0,41302.0,1,3,2.349468678892896,-0.5477949,42.19221904762731
2020-12-06 01:27:58,131,12,156.39,1,690,47,795,446,0,1,6,1,1,658.0,2,10,5.05872680156351,0.4274547,62.194790464784724
2020-09-30 07:18:02,508,2,11.5,1,504,15,314,67,1,7,2,0,0,999999.0,1,1,2.5257286443082556,0.0,84.62138105259017
2020-10-22 00:19:41,415,4,271.07,1,710,18,35299,170,1,0,3,0,1,31787.0,1,3,5.606059386127586,2.0001075,103.34684265124889
2020-11-18 20:41:20,311,11,958.91,1,135,14,7692,379,1,20,2,0,0,60137.0,1,2,6.866839530067076,3.395309,14.692442636885476
2020-08-15 22:06:55,197,7,98.99,0,453,34,92985,336,0,22,5,1,1,31465.0,1,4,4.605070180987758,0.599793,68.07865686770249
2020-07-09 11:28:54,415,4,165.25,0,346,15,215,341,0,11,3,0,0,4336.0,1,4,5.113492679535963,1.9154054,77.83182550342215
2020-12-07 01:11:06,626,9,194.0,0,844,43,13983,236,0,1,0,0,1,11242.0,1,5,5.272999558563747,0.7715345,65.45269202793534
2020-08-31 12:06:01,207,5,49.81,0,664,48,4575,420,0,12,0,0,0,21760.0,1,5,3.9280931856056407,-0.50480366,61.64042246849183
2020-06-24 12:46:09,456,6,81.42,0,94,37,21125,7,0,12,2,0,0,72839.0,1,2,4.411828125910671,-0.6426989,38.7382516251439
2020-09-07 22:50:55,672,6,394.82,1,429,11,695,5,1,22,0,0,1,867.0,2,5,5.980959562462835,0.72290236,40.25445286094389
2020-12-08 04:12:21,268,4,312.8,1,764,8,54767,407,1,4,1,0,1,2449.0,2,13,5.748755840298932,4.0450487,86.88946563798106
2020-12-02 18:40:23,237,11,2.05,0,806,4,104,435,0,18,2,0,0,70670.0,1,3,1.1151415906193203,-0.78753084,110.73915523861837
2020-09-21 20:01:24,547,0,151.77,0,772,33,6120,65,0,20,0,0,0,3951.0,1,8,5.028933522377631,0.37298813,105.29630778375997
2020-10-20 15:41:22,569,1,21.48,0,389,34,118,340,0,15,1,0,0,27902.0,1,5,3.1126260250254902,-0.5031488,90.8558382129619
2020-06-23 18:41:48,15,6,77.1,1,149,24,3451,188,0,18,1,0,0,1917.0,2,5,4.35799005684564,0.9178996,65.36290717485008
2020-12-07 22:25:37,144,12,718.27,1,286,44,776,356,1,22,0,0,1,70159.0,1,4,6.578236808788192,1.1487889,28.198766324018234
2020-08-20 23:06:00,234,7,45.29,1,730,44,104396,349,0,23,3,0,1,141012.0,1,1,3.8349259550431793,-0.22859792,128.91850032143003
2020-07-03 02:40:43,117,2,76.46,1,366,33,1666,125,0,2,4,0,1,23983.0,1,3,4.349761674086606,0.20182526,66.22885993918621
2020-07-21 17:54:25,380,5,33.72,0,246,42,2435,162,0,17,1,0,0,20160.0,1,6,3.5473158897921495,-0.48622122,125.41064213972221
2020-12-17 11:10:20,365,2,59.91,0,642,23,241,243,0,11,3,0,0,1724.0,2,11,4.109397364848393,0.23641846,97.80395406073656
2020-07-13 04:08:24,73,4,182.31,0,342,42,2906700,104,0,4,0,0,1,6126.0,1,5,5.211178708731273,0.5219358,24.988446505346108
2020-07-29 18:40:34,287,12,2.05,0,767,15,163415,403,0,18,2,0,0,13.0,2,8,1.1151415906193203,-0.9566301,130.9053699173643
2020-11-27 22:26:44,546,7,17.93,0,650,24,24645,397,1,22,4,0,1,22760.0,1,5,2.9407479652212314,-0.5818872,131.75756385741974
2020-10-06 14:53:01,1,10,5.58,0,745,4,54287,115,0,14,1,0,0,334.0,2,12,1.884034745337226,-0.68645304,44.99059088843688
2020-08-31 22:05:52,16,1,58.79,0,647,27,475,231,0,22,0,0,1,17324.0,1,7,4.090838422892813,-0.06386411,53.739680236383656
2020-08-31 02:53:27,285,2,70.65,1,281,45,970,15,0,2,0,0,1,5062.0,1,5,4.271793154274181,-0.3149378,121.05104707983241
2020-08-13 13:43:14,619,0,67.64,1,327,47,828,37,0,13,3,0,0,15525.0,1,6,4.228875455179707,-0.326811,54.374193409779785
2020-08-17 21:27:52,81,0,49.53,1,247,21,1126,196,0,21,0,0,0,4073.0,1,9,3.9225672193038172,-0.09900097,111.1527958321009
2020-10-24 06:43:44,389,2,67.37,0,319,25,743,473,0,6,5,1,1,5760.0,1,10,4.2249341319257026,-0.0026063845,106.72164745566268
2020-12-16 03:51:13,198,11,3.78,1,719,24,1196,258,0,3,2,0,1,39239.0,1,10,1.5644405465033644,-0.7989301,84.11976479770905
2020-10-02 23:10:40,152,0,669.67,1,773,25,192,197,1,23,4,0,1,1528.0,2,4,6.508277212718095,2.1683133,99.26727984380443
2020-12-18 23:51:21,471,6,62.75,0,102,39,1725,410,0,23,4,0,1,1643.0,2,10,4.154969184038536,0.24571681,87.07395944506845
2020-09-28 15:46:27,28,0,70.15,1,97,20,824,264,0,15,0,0,0,107464.0,1,1,4.264790324535862,-0.35437688,111.85577993803415
2020-09-04 23:03:57,341,12,925.38,0,419,16,296965,411,1,23,4,0,1,3164.0,2,6,6.831284517639227,0.63773847,66.3044475562068
2020-11-05 23:42:51,434,8,833.6,1,123,47,1360,302,1,23,3,0,1,6050.0,1,5,6.7269525681574525,1.6465334,131.89519771985542
2020-09-10 23:28:12,604,11,1007.85,1,492,30,3279,211,1,23,3,0,1,2747.0,2,3,6.916566347260687,1.7706671,71.89275492081413
2020-10-12 21:50:47,122,7,51.3,1,677,33,1453,461,0,21,0,0,0,7831.0,1,9,3.9569963710708773,-0.4633383,67.63979784780314
2020-07-09 09:34:14,263,0,18.18,1,580,15,2661,448,0,9,3,0,0,16281.0,1,4,2.953868069455292,-0.6321383,45.13517725454897
2020-09-27 20:01:18,149,8,2.91,0,71,11,888,56,0,20,6,1,0,29942.0,1,5,1.3635373739972745,-0.59634507,68.90586421636434
2020-11-12 17:20:23,510,11,5.45,1,357,14,910148,0,0,17,3,0,0,79186.0,1,2,1.864080130807681,-1.3639575,115.605952149124
2020-10-08 00:41:38,508,2,21.55,1,831,11,912,311,1,0,3,0,1,6120.0,1,7,3.1157350659486873,-0.8732156,86.90074917623137
2020-09-15 18:45:13,477,10,80.75,1,105,44,43102,213,0,18,1,0,0,43487.0,1,5,4.403665809777363,0.15575415,86.40114714924721
2020-08-28 20:11:16,425,12,9.27,1,65,1,71463,372,0,20,4,0,0,1061.0,2,8,2.329227023940467,-0.22316305,81.32295933727623
2020-12-14 20:49:05,66,7,121.76,0,378,37,184,430,0,20,0,0,0,6661.0,1,11,4.810231229751535,1.2579536,24.98743941347789
2020-12-18 04:25:25,345,4,51.29,1,682,8,341043,158,0,4,4,0,1,39126.0,1,5,3.956805148200039,0.22797991,79.43889654684462
2020-12-19 14:02:56,571,5,20.22,0,164,37,1274,267,0,14,5,1,0,20996.0,1,6,3.054944133185837,-0.4561938,111.65444457118573
2020-07-18 06:56:49,225,9,12.69,1,688,1,800,252,0,6,5,1,1,111474.0,1,1,2.6166656393003573,-0.30902803,66.08380735331407
2020-08-07 14:30:50,213,6,8.75,0,54,1,19090,393,0,14,4,0,0,15600.0,1,5,2.277267285009756,-0.5943193,95.01379516500182
2020-11-26 00:35:38,533,4,270.75,1,528,47,4306,35,1,0,3,0,1,50918.0,1,2,5.604882526001319,2.4514234,53.2183334283513
2020-12-31 20:35:55,523,8,80.61,0,51,11,1075,436,0,20,3,0,0,4635.0,1,6,4.401951803481151,0.12412291,92.60124027760543
2020-11-30 16:04:23,154,13,3.1,1,160,29,3807,423,0,16,0,0,0,4422.0,1,7,1.410986973710262,-0.57849777,109.39631579438964
2020-11-07 13:12:27,78,7,81.55,1,381,19,19054,309,0,13,5,1,0,14252.0,1,6,4.413404170366137,0.25367343,10.995917376868087
2020-12-15 00:13:08,647,8,725.33,1,714,2,2501,187,1,0,1,0,1,5000.0,1,6,6.588004457004851,2.1559265,99.63832584091743
2020-07-29 20:16:32,552,6,22.97,0,207,44,1970,144,0,20,2,0,0,5170.0,1,7,3.176803048446293,-0.2737381,54.03602126212152
2020-09-25 13:49:05,637,0,95.27,0,253,4,276,395,0,13,4,0,0,5270.0,1,5,4.567156743789875,1.4600068,18.710472711534678
2020-09-29 03:50:01,20,4,312.94,1,457,34,2274,121,1,3,1,0,1,5123.0,1,4,5.749201884847061,0.23164712,121.02008658808325
2020-09-20 10:08:16,105,11,2.81,0,210,37,2158,465,0,10,6,1,0,51184.0,1,2,1.3376291891386096,-0.7491468,109.7257614150954
2020-06-26 09:31:33,352,4,309.04,1,330,14,23727,92,1,9,4,0,0,36988.0,1,4,5.736701321413311,3.6733134,111.16840799741325
2020-07-21 11:30:44,522,2,65.84,1,759,34,9051,39,0,11,1,0,0,23413.0,1,3,4.202301703727193,0.13539016,11.904791186530112
2020-10-04 22:36:23,616,11,941.23,1,425,21,96942,219,1,22,6,1,1,1646.0,2,5,6.84824940613264,1.5019966,98.13397347095193
2020-12-21 13:54:47,371,10,58.13,0,280,42,5875,375,0,13,0,0,0,11246.0,1,16,4.079738409832738,-0.22713569,105.61391002477536
2020-12-29 09:43:21,125,0,7.05,0,279,8,3699,34,0,9,1,0,0,18.0,2,6,2.0856720914304723,-0.80158085,96.69739243562458
2020-09-07 12:25:47,161,10,47.8,1,381,19,19054,309,0,12,0,0,0,6688.0,1,8,3.8877303128591016,0.26597837,72.60315713805242
2020-10-18 18:45:45,596,6,68.82,0,258,49,1645,235,0,18,6,1,0,18.0,2,7,4.24592050167689,-0.06991488,57.79058418704748
2020-07-12 12:46:18,456,6,131.31,0,45,40,63,430,0,12,6,1,0,17927.0,1,3,4.88514765405432,1.6330018,99.90268244314251
2020-06-28 16:52:02,175,11,22.04,0,760,42,1766,337,0,16,6,1,0,3861.0,1,10,3.1372318358276905,-0.39881197,16.91341391777811
2020-07-07 13:32:52,68,6,29.13,1,538,29,4603,454,0,13,1,0,0,20446.0,1,5,3.40552135314221,-0.6889164,121.65623695582593
2020-10-29 12:24:42,46,6,49.72,1,390,5,207,297,0,12,3,0,0,3937.0,1,3,3.9263203101289705,0.34471545,123.96796011923941
2020-07-27 10:32:59,607,2,64.6,0,326,48,642,50,0,10,0,0,0,46823.0,1,6,4.183575695950044,-0.11727311,102.67765851069834
2020-10-07 00:05:40,117,2,59.68,1,627,11,1426,15,0,0,2,0,1,3026.0,2,4,4.105614154480332,0.09543263,110.05046571475148
2020-12-04 16:48:55,525,10,7.3,0,825,21,765,233,0,16,4,0,0,2430.0,3,11,2.1162555148025524,-0.80188227,81.71667935750932
2020-11-28 21:27:20,264,7,1.04,1,14,11,1700,158,0,21,5,1,0,2231.0,2,2,0.712949807856125,-1.1262164,76.38648654218653
2020-12-11 22:40:19,97,6,87.19,1,204,44,99,110,0,22,4,0,1,12116.0,1,5,4.479493577900089,-0.097498715,80.97919254260319
2020-09-29 23:37:07,317,0,16.71,0,214,37,427,286,0,23,1,0,1,30583.0,1,5,2.8741294517947424,-0.5437636,86.19910331512399
2020-12-02 06:58:13,613,3,49.06,1,274,4,172817,11,0,6,2,0,1,17198.0,1,14,3.913222286003628,-0.09166918,56.00802255580983
2020-09-15 21:45:26,132,6,16.18,0,431,13,725,171,0,21,1,0,0,25658.0,1,8,2.8437459165561094,-0.51093256,70.95056206998488
2020-10-03 01:03:30,300,8,1.05,1,616,33,2471,215,0,1,5,1,1,4207.0,1,6,0.7178397931503169,-1.1621447,100.30641645887091
2020-10-04 01:28:44,300,8,6.4,0,253,4,276,395,0,1,6,1,1,118785.0,1,1,2.0014800002101243,-0.69794863,66.89977146636198
2020-12-26 16:16:32,657,1,88.79,0,414,44,9521,434,0,16,5,1,0,17647.0,1,5,4.497473610532717,0.23616764,42.68223218682801
2020-07-29 03:04:13,502,11,99.55,1,150,37,632,113,0,3,2,0,1,79282.0,1,3,4.610655116218661,-0.015014721,90.12056446478528
2020-08-27 03:35:28,141,12,478.67,1,730,9,9034,455,0,3,3,0,1,17872.0,1,3,6.173098367465439,3.4683237,63.33195980261936
2020-08-02 23:33:36,201,12,760.17,1,833,14,1735,187,1,23,6,1,1,286.0,2,5,6.634856723189746,0.4860695,117.07157870409581
2020-12-28 05:01:32,290,8,4.6,1,497,26,69793,102,0,5,0,0,1,1392.0,2,8,1.7227665977411035,-0.9440302,67.83207504876131
2020-07-13 16:11:33,470,0,48.67,1,714,2,2501,187,0,16,0,0,0,71720.0,1,3,3.905401129119259,0.35485134,117.45068694929384
2020-06-22 17:45:09,603,6,44.57,0,31,2,2856,228,0,17,0,0,0,823.0,3,7,3.8192496052757914,-0.42002177,91.76435257244565
2020-12-27 20:29:06,658,7,84.14,0,606,3,1312922,106,0,20,6,1,0,83829.0,1,2,4.444296960400006,0.25908569,25.563397906857514
2020-12-18 13:36:05,39,7,3.62,0,636,34,51,275,0,13,4,0,0,14015.0,1,5,1.5303947050936475,-0.7498811,121.30696164848092
2020-09-16 13:02:32,492,6,59.02,0,270,26,12486,27,0,13,2,0,0,6986.0,1,2,4.0946778400122215,0.02795402,56.27927658539718
2020-12-18 18:44:39,545,12,837.53,1,796,7,601723,310,1,18,4,0,0,69470.0,1,2,6.731650358798553,4.973246,66.72170514041446
2020-11-30 14:21:26,366,10,31.98,0,74,23,467,15,0,14,0,0,0,23724.0,1,4,3.495901317131453,-0.3065781,94.04060631433401
2020-08-07 00:31:27,474,2,21.44,0,739,30,2307,393,1,0,4,0,1,2351.0,2,3,3.110845080654496,-0.33219385,91.20257251958037
2020-08-24 17:20:45,476,0,16.92,1,285,19,5927,35,0,17,0,0,0,42901.0,1,5,2.8859174075467844,-0.37980446,102.59824847790232
2020-06-30 17:30:52,197,7,37.6,0,181,42,1263321,114,0,17,1,0,0,7482.0,1,4,3.653252276470785,-0.51933396,77.77500682040217
2020-08-07 22:26:33,346,11,1171.12,0,739,30,2307,393,1,22,4,0,1,26581.0,1,7,7.066569353974052,3.3199005,110.6742798114205
2020-11-21 11:10:40,650,3,47.03,0,85,39,1523,383,0,11,5,1,0,12784.0,1,11,3.871825815676733,0.044986155,76.25771217856634
2020-12-17 23:43:58,237,11,913.22,0,812,37,724,450,1,23,3,0,1,1215.0,2,6,6.818071242709318,1.4093189,92.60602589112533
2020-08-05 19:24:39,45,7,81.79,0,410,49,35371,329,0,19,2,0,0,11352.0,1,5,4.416307281150715,-0.199426,92.65930673209864
2020-08-03 02:30:27,105,11,987.01,0,365,8,5719,217,1,2,0,0,1,3302.0,2,3,6.895692819154136,2.3130844,99.7247053836295
2020-12-15 06:32:58,135,3,38.38,1,535,36,28278,383,0,6,1,0,1,33370.0,1,7,3.6732580732109796,-0.25895002,93.90986739719939
2020-08-18 15:26:43,425,12,230.89,0,342,42,2906700,104,0,15,1,0,0,23169.0,1,11,5.446263121296344,2.2691584,70.93297250157676
2020-08-04 21:48:34,577,10,104.01,1,44,23,92608,154,0,21,1,0,0,65160.0,1,2,4.654055583717902,2.0619993,91.70870557962456
2020-12-12 00:45:27,572,4,372.65,0,167,35,1493,21,1,0,5,1,1,249.0,3,8,5.923319530376299,2.012255,87.97054145057217
2020-08-01 11:15:13,497,2,50.2,1,147,11,590,142,0,11,5,1,0,466833.0,1,1,3.9357395320454622,-0.70710677,125.04394296456113
2020-07-16 16:07:45,486,11,1.63,1,350,1,190178,445,0,16,3,0,0,4043.0,1,6,0.9669838461896731,-0.7570234,81.969923240358
2020-09-24 22:38:50,149,8,963.78,1,391,33,3800,10,1,22,3,0,1,34115.0,1,6,6.8719000960731496,0.36533177,87.74255031490249
2020-11-14 18:36:11,503,11,4.0,1,534,33,4354,197,0,18,5,1,0,102289.0,1,1,1.6094379124341003,-1.0670605,43.553632390893824
2020-08-31 03:45:24,349,12,6.73,1,22,26,5354,386,0,3,0,0,1,629.0,2,5,2.0451088625993306,-0.9521076,75.9914309062283
2020-12-05 08:17:44,392,11,10.95,1,702,47,153,369,0,8,5,1,0,28466.0,1,7,2.4807312783775197,-0.54782027,75.68226274268665
2020-09-24 23:37:08,462,12,834.99,1,723,21,75830,148,1,23,3,0,1,71924.0,1,6,6.728616651290672,2.623309,93.79523571460135
2020-12-28 21:35:49,384,9,9.47,0,218,6,647,97,0,21,0,0,0,2055.0,2,12,2.3485140248824456,-0.59813815,99.30106773282652
2020-06-27 03:48:35,217,4,294.78,1,330,14,23727,92,1,3,5,1,1,6106.0,1,7,5.689615934738623,0.2989046,61.92574099305365
2020-12-28 16:44:53,403,12,157.93,1,225,17,1261,48,0,16,0,0,0,2547.0,2,6,5.068463853708728,2.302576,98.12595033685959
2020-09-27 11:20:29,450,0,10.51,0,795,34,75903,265,0,11,6,1,0,9391.0,1,4,2.4432162227337915,-0.66391176,47.40430430681617
2020-12-21 19:27:06,596,6,27.23,0,6,31,641349,62,0,19,0,0,0,143013.0,1,1,3.340385242265398,-0.60972387,74.58859955405084
2020-08-05 21:38:05,617,13,5.46,1,306,37,2518,178,0,21,2,0,0,23503.0,1,5,1.8656293177945105,-0.73208916,107.18361596907111
2020-07-11 18:03:59,104,1,173.56,0,475,12,84106,240,0,18,5,1,0,5191.0,1,8,5.16226852208476,1.5307237,44.056038073495316
2020-08-18 04:17:06,619,0,34.34,0,312,19,3289,369,0,4,1,0,1,4267.0,1,6,3.5650154668915506,-0.45562014,68.4227316148358
2020-11-16 17:08:04,562,7,97.01,1,243,30,13835,354,0,17,0,0,0,3242.0,2,7,4.585069514281089,0.6388131,14.368831907753318
2020-12-05 17:56:16,191,9,118.44,0,572,14,1228,107,0,17,5,1,0,5864.0,1,12,4.782814153230935,2.089607,124.89035863665205
2020-11-24 16:14:16,471,6,67.92,1,656,37,143,209,0,16,1,0,0,88532.0,1,1,4.232946411659729,0.333593,66.62674566479897
2020-07-14 19:52:23,165,1,62.24,1,325,4,123,130,0,19,1,0,0,9697.0,1,5,4.146937012341271,-0.60755175,120.92741949552101
2020-12-19 23:19:17,571,11,1121.05,1,796,7,601723,310,1,23,5,1,1,461.0,3,6,7.022912648369585,2.4922035,119.39010405771295
2020-10-09 20:23:06,528,11,2.31,1,562,4,381459,40,0,20,4,0,0,65026.0,1,2,1.1969481893889715,-1.0606805,94.104084896376
2020-12-15 23:05:40,8,11,856.86,0,533,33,1577385,39,1,23,1,0,1,2390.0,3,6,6.7544409160110925,1.236803,67.04076520723966
2020-10-26 22:24:55,121,8,7.97,0,165,33,722,97,0,22,0,0,1,19559.0,1,4,2.1938856760707046,-1.04945,42.28229209828557
2020-12-09 08:11:00,88,3,52.28,0,605,37,1526206,421,0,8,2,0,0,16157.0,1,16,3.9755610262321337,-0.38760653,30.005133202563716
2020-08-25 21:53:40,237,11,8.5,1,59,25,18182,156,0,21,1,0,0,3640.0,1,5,2.2512917986064953,-0.31849802,90.93475648785177
2020-06-23 23:21:24,333,6,61.78,1,513,34,1831,42,0,23,1,0,1,7987.0,1,4,4.139636551413807,0.2036865,54.1850321839104
2020-08-17 21:47:11,230,1,62.16,1,372,36,641,132,0,21,0,0,0,61582.0,1,2,4.145671189387441,-0.43905744,95.29186969602257
2020-08-22 13:24:36,672,6,13.15,0,371,1,1089,274,0,13,5,1,0,8410.0,1,5,2.649714624089247,-0.24825928,6.671033723620113
2020-07-26 14:33:42,234,7,22.62,1,684,42,1595797,180,0,14,6,1,0,12925.0,1,5,3.1620938107692163,-0.48927224,67.04069858629343
2020-08-07 06:07:15,474,2,18.5,0,739,30,2307,393,1,6,4,0,1,11976.0,1,5,2.970414465569701,-0.32621053,12.113937460039226
2020-07-06 01:07:20,190,0,576.52,0,170,26,12335,73,1,1,0,0,1,321.0,2,8,6.358743073830905,1.2458165,102.94577361311512
2020-11-17 02:44:47,381,2,72.79,1,724,17,1758,359,0,2,1,0,1,22016.0,1,3,4.301223221070275,0.4403366,87.46169223993482
2020-11-11 13:15:26,33,12,2.89,0,40,11,2036,168,0,13,2,0,0,1440.0,2,7,1.358409157630355,-0.9983047,127.44686853224052
2020-10-13 14:49:33,40,0,15.74,0,371,1,1089,274,0,14,1,0,0,2467.0,2,7,2.8178010650613294,-0.67619663,92.04262224884035
2020-10-26 23:32:30,443,11,988.01,0,364,29,5457,424,1,23,0,0,1,4296.0,1,4,6.896704442795052,1.332943,87.18064196400444
2020-12-28 17:50:24,189,11,5.02,0,527,39,2206,45,0,17,0,0,0,10981.0,1,4,1.7950872593207297,-1.1137656,123.38419386004993
2020-07-18 15:11:32,50,7,46.2,1,381,19,19054,309,0,15,5,1,0,3528.0,2,10,3.8543938925915096,-0.070366025,109.76990689677025
2020-12-14 19:42:40,248,5,42.76,1,163,19,626,144,0,19,0,0,0,19032.0,1,9,3.7787201581137255,-0.23813117,67.61990590357416
2020-11-23 13:38:45,512,6,24.32,0,766,4,337,303,0,13,0,0,0,33546.0,1,2,3.2315945972759756,-0.4435525,106.46628181822544
2020-10-11 00:02:49,354,8,3.99,0,541,27,248,234,0,0,6,1,1,8773.0,1,3,1.6074359097634274,-0.87158185,53.79975152944639
2020-11-16 02:04:48,514,8,5.76,0,214,37,427,286,0,2,0,0,1,19853.0,1,6,1.9110228900548727,-1.0262624,96.64419664200068
2020-10-12 23:18:25,210,0,13.87,0,351,40,811,298,0,23,0,0,1,22915.0,1,5,2.6993457604720636,-0.7816568,66.32620329938851
2020-11-01 09:41:33,107,2,52.27,1,487,22,1087,293,0,9,6,1,0,1094.0,2,4,3.9753733209289077,-0.027415808,66.88983359337566
2020-07-11 04:35:06,463,2,66.84,1,682,8,341043,158,0,4,5,1,1,17185.0,1,5,4.2171519914836475,0.3752327,125.5456778259914
2020-12-03 19:57:45,540,5,25.11,0,747,3,2872,321,0,19,3,0,0,2873.0,2,10,3.2623183827110376,-0.47224122,97.71743081719328
2020-12-11 14:55:25,236,0,34.25,1,653,49,19408,255,0,14,4,0,0,7559.0,1,4,3.5624655292582776,-0.23691514,53.52674928217983
2020-11-06 20:15:14,556,10,18.72,0,402,36,42817,330,0,20,4,0,0,2232.0,2,3,2.9816333491744893,-0.73100895,115.41365165690775
2020-11-03 11:11:13,103,2,80.56,0,462,23,1019,14,0,11,1,0,0,40177.0,1,2,4.401338945706255,1.0219425,114.11732929695323
2020-12-05 18:57:31,454,12,8.08,1,653,49,19408,255,0,18,5,1,0,1155.0,2,6,2.206074192613202,-0.86403936,91.2821849195741
2020-12-20 05:36:46,209,11,67.18,0,652,16,571,370,0,5,6,1,1,30456.0,1,5,4.222151266709757,0.343534,55.26006983589228
2020-07-13 22:56:19,28,0,70.73,1,692,37,823,199,0,22,0,0,1,6504.0,1,8,4.272909070138343,-0.32592788,77.34223278867556
2020-09-14 00:46:43,229,2,19.23,0,507,23,1631,29,1,0,0,0,1,1666.0,2,7,3.007166651179654,-0.5058345,46.620519641127665
2020-12-08 07:56:15,130,4,103.2,1,39,9,741,81,0,7,1,0,0,38786.0,1,4,4.646312129319266,0.11159778,87.27076910689372
2020-07-12 22:07:55,31,11,1045.16,0,471,24,2799,453,1,22,6,1,1,34749.0,1,9,6.952881596598247,1.6955544,87.82562351175322
2020-07-07 17:48:30,362,6,47.93,1,311,1,5732,246,0,17,1,0,0,3642.0,1,2,3.8903907053010323,0.2057328,70.36642076904208
2020-12-23 16:58:21,414,9,2.32,1,635,1,4159,139,0,16,2,0,0,13789.0,1,3,1.199964782928397,-0.6628754,80.87501813488214
2020-12-13 04:52:37,4,3,65.09,0,332,34,7646,279,0,4,6,1,1,2471.0,3,10,4.191017449482361,-0.22673322,80.75258401687616
2020-10-26 10:45:13,466,4,91.27,0,128,23,2368,141,0,10,0,0,0,12536.0,1,5,4.524719061590464,0.39134997,92.51290295353972
2020-12-20 12:46:17,89,6,13.93,1,310,14,76,410,0,12,6,1,0,6384.0,1,10,2.703372611551099,-0.5817239,65.34990124550515
2020-12-23 16:43:15,495,7,19.71,1,498,24,2870,66,0,16,2,0,0,7866.0,1,11,3.030616675407493,-0.38065574,79.09486734722942
2020-06-25 18:16:26,443,11,1046.97,0,737,20,1131,268,1,18,3,0,0,66114.0,1,5,6.954610238517058,2.5941072,69.52707649226406
2020-12-06 16:18:41,69,6,37.01,1,28,33,7987,446,0,16,6,1,0,31014.0,1,2,3.6378492830011573,-0.46515152,117.03831731435838
2020-09-17 22:41:50,661,8,898.89,1,584,4,171170,67,1,22,3,0,1,68039.0,1,2,6.802272533632344,1.456489,95.09065495663714
2020-11-08 13:55:53,133,0,16.09,0,112,28,493,426,0,13,6,1,0,5356.0,1,5,2.8384934971274993,-0.9577994,75.0986174115116
2020-11-03 04:36:55,47,2,71.18,1,592,20,1892,39,0,4,1,0,1,10470.0,1,10,4.279162999214643,0.7036729,107.70631979395978
2020-12-29 17:08:28,350,5,76.06,1,293,4,589,429,0,17,1,0,0,19472.0,1,3,4.344584339198011,0.6272359,106.30508674475759
2020-07-19 18:32:09,178,0,38.51,0,339,28,1745,148,0,18,6,1,0,15644.0,1,10,3.6765538044232993,-0.2367438,105.77418665247153
2020-12-23 14:41:18,159,10,17.09,0,558,42,178,471,0,14,2,0,0,19463.0,1,9,2.895359299407204,-0.6476576,69.6214292605957
